--
-- PostgreSQL database dump
--

\restrict zQY6YOCPibOWo2HhAPpJnP04EGEbLBEFrJIh9n29KMzHC4CW5TsZecvJeQA0hwl

-- Dumped from database version 17.7 (bdc8956)
-- Dumped by pg_dump version 17.7 (Debian 17.7-3.pgdg13+1)

SET statement_timeout = 0;
SET lock_timeout = 0;
SET idle_in_transaction_session_timeout = 0;
SET transaction_timeout = 0;
SET client_encoding = 'UTF8';
SET standard_conforming_strings = on;
SELECT pg_catalog.set_config('search_path', '', false);
SET check_function_bodies = false;
SET xmloption = content;
SET client_min_messages = warning;
SET row_security = off;

SET default_tablespace = '';

SET default_table_access_method = heap;

--
-- Name: item_track; Type: TABLE; Schema: public; Owner: -
--

CREATE TABLE public.item_track (
    id bigint NOT NULL,
    completed_date date,
    completed_quantity integer,
    received_item_id bigint
);


--
-- Name: item_track_id_seq; Type: SEQUENCE; Schema: public; Owner: -
--

ALTER TABLE public.item_track ALTER COLUMN id ADD GENERATED BY DEFAULT AS IDENTITY (
    SEQUENCE NAME public.item_track_id_seq
    START WITH 1
    INCREMENT BY 1
    NO MINVALUE
    NO MAXVALUE
    CACHE 1
);


--
-- Name: raw_material_type; Type: TABLE; Schema: public; Owner: -
--

CREATE TABLE public.raw_material_type (
    id bigint NOT NULL,
    name character varying(255) NOT NULL,
    price bigint
);


--
-- Name: raw_material_type_id_seq; Type: SEQUENCE; Schema: public; Owner: -
--

ALTER TABLE public.raw_material_type ALTER COLUMN id ADD GENERATED BY DEFAULT AS IDENTITY (
    SEQUENCE NAME public.raw_material_type_id_seq
    START WITH 1
    INCREMENT BY 1
    NO MINVALUE
    NO MAXVALUE
    CACHE 1
);


--
-- Name: sewearn_receive; Type: TABLE; Schema: public; Owner: -
--

CREATE TABLE public.sewearn_receive (
    id bigint NOT NULL,
    mark_as_completed boolean DEFAULT false NOT NULL,
    received_date date,
    total_earning bigint,
    total_received_quantity integer
);


--
-- Name: sewearn_receive_id_seq; Type: SEQUENCE; Schema: public; Owner: -
--

ALTER TABLE public.sewearn_receive ALTER COLUMN id ADD GENERATED BY DEFAULT AS IDENTITY (
    SEQUENCE NAME public.sewearn_receive_id_seq
    START WITH 1
    INCREMENT BY 1
    NO MINVALUE
    NO MAXVALUE
    CACHE 1
);


--
-- Name: sewearn_receive_item; Type: TABLE; Schema: public; Owner: -
--

CREATE TABLE public.sewearn_receive_item (
    id bigint NOT NULL,
    quantity integer,
    total_completed_quantity integer,
    raw_material_type_id bigint,
    receive_id bigint
);


--
-- Name: sewearn_receive_item_id_seq; Type: SEQUENCE; Schema: public; Owner: -
--

ALTER TABLE public.sewearn_receive_item ALTER COLUMN id ADD GENERATED BY DEFAULT AS IDENTITY (
    SEQUENCE NAME public.sewearn_receive_item_id_seq
    START WITH 1
    INCREMENT BY 1
    NO MINVALUE
    NO MAXVALUE
    CACHE 1
);


--
-- Name: sewearn_submit; Type: TABLE; Schema: public; Owner: -
--

CREATE TABLE public.sewearn_submit (
    id bigint NOT NULL,
    submission_date date,
    total_earning bigint,
    total_quantity integer
);


--
-- Name: sewearn_submit_id_seq; Type: SEQUENCE; Schema: public; Owner: -
--

ALTER TABLE public.sewearn_submit ALTER COLUMN id ADD GENERATED BY DEFAULT AS IDENTITY (
    SEQUENCE NAME public.sewearn_submit_id_seq
    START WITH 1
    INCREMENT BY 1
    NO MINVALUE
    NO MAXVALUE
    CACHE 1
);


--
-- Name: submit_item; Type: TABLE; Schema: public; Owner: -
--

CREATE TABLE public.submit_item (
    id bigint NOT NULL,
    quantity integer,
    total_earning bigint,
    raw_material_type_id bigint,
    submit_id bigint
);


--
-- Name: submit_item_detail; Type: TABLE; Schema: public; Owner: -
--

CREATE TABLE public.submit_item_detail (
    id bigint NOT NULL,
    quantity integer NOT NULL,
    received_date date,
    received_item_id bigint NOT NULL,
    submit_item_id bigint NOT NULL
);


--
-- Name: submit_item_detail_id_seq; Type: SEQUENCE; Schema: public; Owner: -
--

ALTER TABLE public.submit_item_detail ALTER COLUMN id ADD GENERATED BY DEFAULT AS IDENTITY (
    SEQUENCE NAME public.submit_item_detail_id_seq
    START WITH 1
    INCREMENT BY 1
    NO MINVALUE
    NO MAXVALUE
    CACHE 1
);


--
-- Name: submit_item_id_seq; Type: SEQUENCE; Schema: public; Owner: -
--

ALTER TABLE public.submit_item ALTER COLUMN id ADD GENERATED BY DEFAULT AS IDENTITY (
    SEQUENCE NAME public.submit_item_id_seq
    START WITH 1
    INCREMENT BY 1
    NO MINVALUE
    NO MAXVALUE
    CACHE 1
);


--
-- Data for Name: item_track; Type: TABLE DATA; Schema: public; Owner: -
--

COPY public.item_track (id, completed_date, completed_quantity, received_item_id) FROM stdin;
1	2025-10-01	21	1
2	2025-10-01	20	2
3	2025-10-02	26	3
4	2025-10-02	7	4
5	2025-10-03	12	5
6	2025-10-03	21	6
7	2025-10-04	5	7
8	2025-10-04	3	8
9	2025-10-05	22	9
10	2025-10-05	19	10
11	2025-10-06	22	11
12	2025-10-06	23	12
13	2025-10-08	22	13
14	2025-10-08	23	14
15	2025-10-11	25	15
16	2025-10-11	14	16
17	2025-10-14	8	17
18	2025-10-14	7	18
19	2025-10-15	15	19
20	2025-10-15	10	20
21	2025-10-16	6	21
22	2025-10-16	27	22
23	2025-10-17	20	23
24	2025-10-18	22	24
25	2025-10-18	18	25
28	2025-11-04	11	28
29	2025-11-04	23	29
30	2025-11-05	19	30
31	2025-11-05	6	31
32	2025-11-07	1	32
33	2025-11-07	1	33
34	2025-11-07	9	34
35	2025-11-08	13	35
36	2025-11-08	3	36
37	2025-11-12	29	37
38	2025-11-12	6	38
39	2025-11-14	25	39
40	2025-11-14	20	40
41	2025-11-14	5	41
42	2025-11-15	5	42
43	2025-11-15	10	43
44	2025-11-16	8	44
45	2025-11-16	17	45
46	2025-11-16	1	46
47	2025-11-24	11	47
48	2025-11-27	40	48
49	2025-12-03	10	49
52	2025-12-04	6	51
53	2025-12-04	6	54
54	2025-12-04	7	53
55	2025-12-04	11	52
56	2025-12-08	16	55
57	2025-12-09	16	55
58	2025-12-10	14	55
59	2025-12-11	10	51
60	2025-12-13	6	56
61	2025-12-14	1	60
62	2025-12-14	17	56
63	2025-12-15	7	56
64	2025-12-15	4	57
136	2025-12-24	14	101
72	2025-12-16	2	57
82	2025-12-16	7	61
83	2025-12-16	5	62
87	2025-12-17	1	57
88	2025-12-17	4	62
90	2025-11-02	48	86
91	2025-11-02	37	87
121	2025-12-16	16	102
122	2025-12-19	25	102
123	2025-12-22	10	102
124	2025-12-23	3	102
125	2025-12-23	2	103
\.


--
-- Data for Name: raw_material_type; Type: TABLE DATA; Schema: public; Owner: -
--

COPY public.raw_material_type (id, name, price) FROM stdin;
1	Kurti	20
2	Pent	10
3	Nana Shirt	15
4	Shirt	25
\.


--
-- Data for Name: sewearn_receive; Type: TABLE DATA; Schema: public; Owner: -
--

COPY public.sewearn_receive (id, mark_as_completed, received_date, total_earning, total_received_quantity) FROM stdin;
1	t	2025-10-01	620	41
2	t	2025-10-02	590	33
3	t	2025-10-03	450	33
4	t	2025-10-04	130	8
5	t	2025-10-05	630	41
6	t	2025-10-06	670	45
7	t	2025-10-08	670	45
8	t	2025-10-11	640	39
9	t	2025-10-14	230	15
10	t	2025-10-15	400	25
11	t	2025-10-16	390	33
12	t	2025-10-17	400	20
13	t	2025-10-18	620	40
15	t	2025-11-04	450	34
16	t	2025-11-05	440	25
17	t	2025-11-07	170	11
18	t	2025-11-08	290	16
19	t	2025-11-12	640	35
20	t	2025-11-14	825	50
21	t	2025-11-15	200	15
22	t	2025-11-16	355	26
23	t	2025-11-24	220	11
24	t	2025-11-27	1000	40
25	t	2025-12-03	250	10
62	f	2025-12-23	350	29
69	f	2025-12-25	0	10
28	t	2025-12-07	920	46
27	t	2025-12-03	695	40
29	t	2025-12-12	785	38
32	t	2025-12-15	365	16
63	t	2025-12-17	1130	56
50	t	2025-11-02	1330	85
\.


--
-- Data for Name: sewearn_receive_item; Type: TABLE DATA; Schema: public; Owner: -
--

COPY public.sewearn_receive_item (id, quantity, total_completed_quantity, raw_material_type_id, receive_id) FROM stdin;
1	21	21	1	1
2	20	20	2	1
3	26	26	1	2
4	7	7	2	2
5	12	12	1	3
6	21	21	2	3
7	5	5	1	4
8	3	3	2	4
9	22	22	1	5
10	19	19	2	5
11	22	22	1	6
12	23	23	2	6
13	22	22	1	7
14	23	23	2	7
15	25	25	1	8
16	14	14	2	8
17	8	8	1	9
18	7	7	2	9
19	15	15	1	10
20	10	10	2	10
21	6	6	1	11
22	27	27	2	11
23	20	20	1	12
24	22	22	1	13
25	18	18	2	13
28	11	11	1	15
29	23	23	2	15
30	19	19	1	16
31	6	6	2	16
32	1	1	2	17
33	1	1	4	17
34	9	9	3	17
35	13	13	1	18
36	3	3	2	18
37	29	29	1	19
38	6	6	2	19
39	25	25	1	20
40	20	20	2	20
41	5	5	4	20
42	5	5	1	21
43	10	10	2	21
44	8	8	1	22
45	17	17	2	22
46	1	1	4	22
47	11	11	1	23
48	40	40	4	24
49	10	10	4	25
51	16	16	1	27
54	6	6	3	27
53	7	7	4	27
52	11	11	2	27
55	46	46	1	28
60	1	1	2	29
56	30	30	1	29
86	48	48	1	50
87	37	37	2	50
100	15	0	1	62
102	54	54	1	63
103	2	2	4	63
61	7	7	1	32
101	14	14	4	62
110	10	0	1	69
57	7	7	4	29
62	9	9	4	32
\.


--
-- Data for Name: sewearn_submit; Type: TABLE DATA; Schema: public; Owner: -
--

COPY public.sewearn_submit (id, submission_date, total_earning, total_quantity) FROM stdin;
1	2025-10-01	620	41
2	2025-10-02	590	33
3	2025-10-03	450	33
4	2025-10-04	130	8
5	2025-10-05	630	41
6	2025-10-06	670	45
7	2025-10-08	670	45
8	2025-10-11	640	39
9	2025-10-14	230	15
10	2025-10-15	400	25
11	2025-10-16	390	33
12	2025-10-17	400	20
13	2025-10-18	620	40
15	2025-11-04	450	34
16	2025-11-05	440	25
17	2025-11-07	170	11
18	2025-11-08	290	16
19	2025-11-12	640	35
20	2025-11-14	825	50
21	2025-11-15	200	15
22	2025-11-16	355	26
23	2025-11-24	220	11
24	2025-11-27	1000	40
25	2025-12-03	250	10
26	2025-12-07	495	30
27	2025-12-12	1120	56
28	2025-12-15	470	24
31	2025-12-17	630	28
32	2025-11-02	1330	85
\.


--
-- Data for Name: submit_item; Type: TABLE DATA; Schema: public; Owner: -
--

COPY public.submit_item (id, quantity, total_earning, raw_material_type_id, submit_id) FROM stdin;
1	21	\N	1	1
2	20	\N	2	1
3	26	\N	1	2
4	7	\N	2	2
5	12	\N	1	3
6	21	\N	2	3
7	5	\N	1	4
8	3	\N	2	4
9	22	\N	1	5
10	19	\N	2	5
11	22	\N	1	6
12	23	\N	2	6
13	22	\N	1	7
14	23	\N	2	7
15	25	\N	1	8
16	14	\N	2	8
17	8	\N	1	9
18	7	\N	2	9
19	15	\N	1	10
20	10	\N	2	10
21	6	\N	1	11
22	27	\N	2	11
23	20	\N	1	12
24	22	\N	1	13
25	18	\N	2	13
28	11	\N	1	15
29	23	\N	2	15
30	19	\N	1	16
31	6	\N	2	16
32	1	\N	2	17
33	9	\N	3	17
34	1	\N	4	17
35	13	\N	1	18
36	3	\N	2	18
37	29	\N	1	19
38	6	\N	2	19
39	25	\N	1	20
40	20	\N	2	20
41	5	\N	4	20
42	5	\N	1	21
43	10	\N	2	21
44	8	\N	1	22
45	17	\N	2	22
46	1	\N	4	22
47	11	\N	1	23
48	40	\N	4	24
49	10	\N	4	25
50	6	\N	1	26
51	11	\N	2	26
52	7	\N	4	26
53	6	\N	3	26
54	56	\N	1	27
55	23	\N	1	28
56	1	\N	2	28
59	14	\N	4	31
60	14	\N	1	31
61	48	\N	1	32
62	37	\N	2	32
\.


--
-- Data for Name: submit_item_detail; Type: TABLE DATA; Schema: public; Owner: -
--

COPY public.submit_item_detail (id, quantity, received_date, received_item_id, submit_item_id) FROM stdin;
1	21	2025-10-01	1	1
2	20	2025-10-01	2	2
3	26	2025-10-02	3	3
4	7	2025-10-02	4	4
5	12	2025-10-03	5	5
6	21	2025-10-03	6	6
7	5	2025-10-04	7	7
8	3	2025-10-04	8	8
9	22	2025-10-05	9	9
10	19	2025-10-05	10	10
11	22	2025-10-06	11	11
12	23	2025-10-06	12	12
13	22	2025-10-08	13	13
14	23	2025-10-08	14	14
15	25	2025-10-11	15	15
16	14	2025-10-11	16	16
17	8	2025-10-14	17	17
18	7	2025-10-14	18	18
19	15	2025-10-15	19	19
20	10	2025-10-15	20	20
21	6	2025-10-16	21	21
22	27	2025-10-16	22	22
23	20	2025-10-17	23	23
24	22	2025-10-18	24	24
25	18	2025-10-18	25	25
28	11	2025-11-04	28	28
29	23	2025-11-04	29	29
30	19	2025-11-05	30	30
31	6	2025-11-05	31	31
32	1	2025-11-07	32	32
33	9	2025-11-07	34	33
34	1	2025-11-07	33	34
35	13	2025-11-08	35	35
36	3	2025-11-08	36	36
37	29	2025-11-12	37	37
38	6	2025-11-12	38	38
39	25	2025-11-14	39	39
40	20	2025-11-14	40	40
41	5	2025-11-14	41	41
42	5	2025-11-15	42	42
43	10	2025-11-15	43	43
44	8	2025-11-16	44	44
45	17	2025-11-16	45	45
46	1	2025-11-16	46	46
47	11	2025-11-24	47	47
48	40	2025-11-27	48	48
49	10	2025-12-03	49	49
50	6	2025-12-03	51	50
51	11	2025-12-03	52	51
52	7	2025-12-03	53	52
53	6	2025-12-03	54	53
54	46	2025-12-07	55	54
55	10	2025-12-03	51	54
56	23	2025-12-12	56	55
57	1	2025-12-12	60	56
62	7	2025-12-12	57	59
63	7	2025-12-15	62	59
64	7	2025-12-15	61	60
65	7	2025-12-12	56	60
66	48	2025-11-02	86	61
67	37	2025-11-02	87	62
\.


--
-- Name: item_track_id_seq; Type: SEQUENCE SET; Schema: public; Owner: -
--

SELECT pg_catalog.setval('public.item_track_id_seq', 136, true);


--
-- Name: raw_material_type_id_seq; Type: SEQUENCE SET; Schema: public; Owner: -
--

SELECT pg_catalog.setval('public.raw_material_type_id_seq', 5, true);


--
-- Name: sewearn_receive_id_seq; Type: SEQUENCE SET; Schema: public; Owner: -
--

SELECT pg_catalog.setval('public.sewearn_receive_id_seq', 69, true);


--
-- Name: sewearn_receive_item_id_seq; Type: SEQUENCE SET; Schema: public; Owner: -
--

SELECT pg_catalog.setval('public.sewearn_receive_item_id_seq', 110, true);


--
-- Name: sewearn_submit_id_seq; Type: SEQUENCE SET; Schema: public; Owner: -
--

SELECT pg_catalog.setval('public.sewearn_submit_id_seq', 37, true);


--
-- Name: submit_item_detail_id_seq; Type: SEQUENCE SET; Schema: public; Owner: -
--

SELECT pg_catalog.setval('public.submit_item_detail_id_seq', 72, true);


--
-- Name: submit_item_id_seq; Type: SEQUENCE SET; Schema: public; Owner: -
--

SELECT pg_catalog.setval('public.submit_item_id_seq', 67, true);


--
-- Name: item_track item_track_pkey; Type: CONSTRAINT; Schema: public; Owner: -
--

ALTER TABLE ONLY public.item_track
    ADD CONSTRAINT item_track_pkey PRIMARY KEY (id);


--
-- Name: raw_material_type raw_material_type_pkey; Type: CONSTRAINT; Schema: public; Owner: -
--

ALTER TABLE ONLY public.raw_material_type
    ADD CONSTRAINT raw_material_type_pkey PRIMARY KEY (id);


--
-- Name: sewearn_receive_item sewearn_receive_item_pkey; Type: CONSTRAINT; Schema: public; Owner: -
--

ALTER TABLE ONLY public.sewearn_receive_item
    ADD CONSTRAINT sewearn_receive_item_pkey PRIMARY KEY (id);


--
-- Name: sewearn_receive sewearn_receive_pkey; Type: CONSTRAINT; Schema: public; Owner: -
--

ALTER TABLE ONLY public.sewearn_receive
    ADD CONSTRAINT sewearn_receive_pkey PRIMARY KEY (id);


--
-- Name: sewearn_submit sewearn_submit_pkey; Type: CONSTRAINT; Schema: public; Owner: -
--

ALTER TABLE ONLY public.sewearn_submit
    ADD CONSTRAINT sewearn_submit_pkey PRIMARY KEY (id);


--
-- Name: submit_item_detail submit_item_detail_pkey; Type: CONSTRAINT; Schema: public; Owner: -
--

ALTER TABLE ONLY public.submit_item_detail
    ADD CONSTRAINT submit_item_detail_pkey PRIMARY KEY (id);


--
-- Name: submit_item submit_item_pkey; Type: CONSTRAINT; Schema: public; Owner: -
--

ALTER TABLE ONLY public.submit_item
    ADD CONSTRAINT submit_item_pkey PRIMARY KEY (id);


--
-- Name: raw_material_type ukhm5ogal9un0p8syqut8dn7m2g; Type: CONSTRAINT; Schema: public; Owner: -
--

ALTER TABLE ONLY public.raw_material_type
    ADD CONSTRAINT ukhm5ogal9un0p8syqut8dn7m2g UNIQUE (name);


--
-- Name: submit_item_detail fk1bpxbms0dem8o3lulhglqclvo; Type: FK CONSTRAINT; Schema: public; Owner: -
--

ALTER TABLE ONLY public.submit_item_detail
    ADD CONSTRAINT fk1bpxbms0dem8o3lulhglqclvo FOREIGN KEY (submit_item_id) REFERENCES public.submit_item(id);


--
-- Name: submit_item fk4sphec3b3m75btf5dk7gmhih9; Type: FK CONSTRAINT; Schema: public; Owner: -
--

ALTER TABLE ONLY public.submit_item
    ADD CONSTRAINT fk4sphec3b3m75btf5dk7gmhih9 FOREIGN KEY (raw_material_type_id) REFERENCES public.raw_material_type(id);


--
-- Name: sewearn_receive_item fk652e5ipseswfkotyfa71v611k; Type: FK CONSTRAINT; Schema: public; Owner: -
--

ALTER TABLE ONLY public.sewearn_receive_item
    ADD CONSTRAINT fk652e5ipseswfkotyfa71v611k FOREIGN KEY (raw_material_type_id) REFERENCES public.raw_material_type(id);


--
-- Name: submit_item fk98amo5c028ftxuge1ss74673k; Type: FK CONSTRAINT; Schema: public; Owner: -
--

ALTER TABLE ONLY public.submit_item
    ADD CONSTRAINT fk98amo5c028ftxuge1ss74673k FOREIGN KEY (submit_id) REFERENCES public.sewearn_submit(id);


--
-- Name: sewearn_receive_item fkiqi63pmtg6ossn8rik2o95epj; Type: FK CONSTRAINT; Schema: public; Owner: -
--

ALTER TABLE ONLY public.sewearn_receive_item
    ADD CONSTRAINT fkiqi63pmtg6ossn8rik2o95epj FOREIGN KEY (receive_id) REFERENCES public.sewearn_receive(id);


--
-- Name: submit_item_detail fknhqbrfwfpfc4bnhv4c1k49rl4; Type: FK CONSTRAINT; Schema: public; Owner: -
--

ALTER TABLE ONLY public.submit_item_detail
    ADD CONSTRAINT fknhqbrfwfpfc4bnhv4c1k49rl4 FOREIGN KEY (received_item_id) REFERENCES public.sewearn_receive_item(id);


--
-- Name: item_track fkrwtyosdli5efgw311au0ypxu6; Type: FK CONSTRAINT; Schema: public; Owner: -
--

ALTER TABLE ONLY public.item_track
    ADD CONSTRAINT fkrwtyosdli5efgw311au0ypxu6 FOREIGN KEY (received_item_id) REFERENCES public.sewearn_receive_item(id);


--
-- PostgreSQL database dump complete
--

\unrestrict zQY6YOCPibOWo2HhAPpJnP04EGEbLBEFrJIh9n29KMzHC4CW5TsZecvJeQA0hwl

